brand,mod_arc_s,model,num_review,price,rating,true_fit,true_width
ASICS,75,GEL-Nimbus® 22,568,99.95,4.0,81,84
ASICS,66,GEL-Kayano® 27,387,159.95,4.0,83,92
ASICS,75,GEL-Excite™ 7,141,57.77,4.0,95,94
ASICS,75,GEL-DS Trainer™ 25,45,93.33,4.0,75,100
Altra Footwear,71,Golden Spike,7,89.95,4.0,86,86
SKECHERS,100,Go Run Steady,14,52.84,5.0,86,100
SKECHERS,0,Max Cushioning Elite - Amplifier,82,59.98,5.0,0,0
Altra Footwear,100,Paradigm 5,3,149.95,5.0,100,100
adidas Running,0,Ultraboost 20 DNA,0,179.95,0.0,0,0
ASICS,75,GEL-Nimbus® 22,568,99.95,4.0,81,84
SKECHERS,87,Go Run Consistent,117,52.62,5.0,92,89
Hoka One One,100,Evo Mafate 2,41,169.95,4.0,100,100
Hoka One One,67,Elevon 2,74,159.95,4.0,100,100
Under Armour,80,Charged Pursuit 2,28,69.95,4.0,89,100
On,100,Cloud 70/30,2,129.95,5.0,100,100
New Balance,69,1540v3,447,174.99,4.0,81,93
Brooks,78,Glycerin 18,266,129.95,4.0,88,89
Brooks,84,Revel 4,98,99.95,4.0,88,96
Brooks,84,Revel 4,98,99.95,4.0,88,96
Brooks,0,Launch 8,0,99.95,0.0,0,0
Brooks,100,Divide,31,74.95,4.0,100,100
Brooks,85,Launch 7,134,74.95,4.0,80,85
Brooks,78,Glycerin 18,266,129.95,4.0,88,89
Brooks,90,PureFlow 7,229,89.95,4.0,83,83
Brooks,85,Launch 7,134,74.95,4.0,80,85
Brooks,72,Dyad 11,82,129.95,4.0,95,84
Brooks,100,Cascadia 15,33,129.95,4.0,80,60
Brooks,78,Glycerin 18,266,129.95,4.0,88,89
Brooks,100,Cascadia 15 GTX®,12,159.95,4.0,75,100
Brooks,77,Addiction 14,172,129.95,4.0,80,80
Brooks,85,Launch 7,134,74.95,4.0,80,85
Brooks,85,Ghost 13,265,129.95,4.0,80,86
Brooks,72,Dyad 11,82,129.95,4.0,95,84
Brooks,90,Ravenna 11,100,84.95,4.0,82,81
Brooks,63,Adrenaline GTS 21,45,129.95,4.0,69,100
Brooks,85,Ghost 13,265,129.95,4.0,80,86
Brooks,85,Ghost 13,265,129.95,4.0,80,86
Brooks,77,Addiction 14,172,129.95,4.0,80,80
Brooks,90,Ravenna 11,100,84.95,4.0,82,81
Brooks,85,Launch 7,134,74.95,4.0,80,85
Brooks,78,Glycerin 18,266,129.95,4.0,88,89
Brooks,85,Ghost 13,265,129.95,4.0,80,86
Brooks,85,Launch 7,134,74.95,4.0,80,85
Brooks,85,Launch 7,134,74.95,4.0,80,85
Brooks,77,Addiction 14,172,129.95,4.0,80,80
Brooks,78,Glycerin 18,266,129.95,4.0,88,89
Brooks,85,Ghost 13,265,129.95,4.0,80,86
Brooks,85,Ghost 13,265,129.95,4.0,80,86
Brooks,50,Ghost 13 GTX®,9,159.95,4.0,75,88
Brooks,70,Beast '20,380,159.95,4.0,90,90
Brooks,63,Adrenaline GTS 21,45,129.95,4.0,69,100
Brooks,90,Ravenna 11,100,84.95,4.0,82,81
Brooks,70,Beast '20,380,159.95,4.0,90,90
Brooks,63,Adrenaline GTS 21,45,129.95,4.0,69,100
Brooks,63,Adrenaline GTS 21,45,129.95,4.0,69,100
Brooks,78,Glycerin 18,266,129.95,4.0,88,89
Brooks,85,Ghost 13,265,129.95,4.0,80,86
Brooks,85,Ghost 13,265,129.95,4.0,80,86
Brooks,85,Ghost 13,265,129.95,4.0,80,86
Brooks,63,Adrenaline GTS 21,45,129.95,4.0,69,100
Brooks,85,Ghost 13,265,129.95,4.0,80,86
Nike,0,React Infinity Run Flyknit 2,0,159.95,0.0,0,0
Nike,0,React Infinity Run Flyknit 2,0,159.95,0.0,0,0
Nike,80,Quest 3,5,74.95,5.0,100,100
Nike,77,Wildhorse 6,14,129.95,4.0,93,100
Nike,88,React Miler,8,129.95,4.0,88,86
Nike,100,Zoom Gravity SE,3,72.99,4.0,100,100
Nike,75,Renew Ride,9,68.97,4.0,100,88
Nike,68,Zoom Gravity,21,89.95,3.0,33,72
Nike,78,Joyride Dual Run,9,117.99,5.0,78,88
Nike,75,Renew Ride,9,66.97,4.0,100,88
Nike,78,Air Zoom Terra Kiger 6,9,129.95,4.0,44,100
Nike,81,Run All Day 2,27,64.95,4.0,78,92
Nike,0,Renew Run SE,1,80.99,3.0,0,0
Nike,80,Air Zoom Pegasus 36,80,84.97,4.0,86,86
Nike,71,Revolution 5,130,64.95,4.0,87,90
Nike,67,FlyEase Air Zoom Pegasus 37,3,120.0,3.0,33,67
Nike,0,Pegasus Trail 2 GORE-TEX®,0,159.95,0.0,0,0
Nike,80,Flex Experience Run 9,93,65.0,4.0,79,74
Nike,67,FlyEase Air Zoom Pegasus 37,3,120.0,3.0,33,67
Nike,81,Run All Day 2,27,69.95,4.0,78,92
Nike,100,Pegasus Trail 2,3,129.95,4.0,100,67
Nike,77,Wildhorse 6,14,129.95,4.0,93,100
Nike,100,Legend React 3,1,100.0,3.0,100,100
Nike,84,Flyease Revolution 5,38,65.0,5.0,84,97
Nike,84,Flyease Revolution 5,38,65.0,5.0,84,97
Nike,84,Flyease Revolution 5,38,65.0,5.0,84,97
Nike,0,Air Zoom Pegasus 37,0,129.95,0.0,0,0
Nike,71,Revolution 5,130,64.95,4.0,87,90
Nike,78,Joyride Dual Run,9,85.15,5.0,78,88
Nike,84,Flyease Revolution 5,38,65.0,5.0,84,97
Nike,86,Renew Run,47,49.99,4.0,74,82
Nike,0,Renew Run 2,0,89.95,0.0,0,0
Nike,0,Renew Run 2,0,89.95,0.0,0,0
Nike,100,Juniper Trail,5,69.95,4.0,80,60
Nike,78,Joyride Dual Run,9,97.5,5.0,78,88
Nike,68,Zoom Gravity,21,67.5,3.0,33,72
Nike,86,Renew Run,47,49.99,4.0,74,82
Nike,86,Downshifter 10,33,54.95,4.0,85,93
Nike,71,Revolution 5,130,64.95,4.0,87,90
Nike,80,Quest 3,5,74.95,5.0,100,100
Nike,71,Revolution 5,130,64.95,4.0,87,90
Nike,81,Air Zoom Pegasus 37,59,119.95,4.0,83,84
Nike,86,Downshifter 10,33,54.95,4.0,85,93
ASICS,66,GEL-Kayano® 27,387,159.95,4.0,83,92
ASICS,100,GEL-Quantum® 360 6,12,149.95,4.0,100,100
ASICS,67,GEL-Scram® 6,12,69.95,4.0,83,80
ASICS,59,Novablast,157,129.95,4.0,94,94
ASICS,75,GEL-DS Trainer™ 25,45,89.95,4.0,75,100
ASICS,72,GEL-Cumulus® 22,179,119.95,4.0,84,76
ASICS,66,GEL-Kayano® 27,387,159.95,4.0,83,92
ASICS,59,Novablast,157,129.95,4.0,94,94
ASICS,75,GEL-DS Trainer™ 25,45,89.95,4.0,75,100
ASICS,0,GEL-Pulse 12 Monosock,0,89.95,0.0,0,0
ASICS,100,GEL-Quantum® 360 6,12,149.95,4.0,100,100
ASICS,84,GEL-Sonoma® 5,37,72.93,3.0,69,68
New Balance,100,Fresh Foam Sport v2,7,74.95,4.0,100,83
New Balance,100,FuelCell Prism,2,119.99,5.0,100,100
New Balance,69,1540v3,447,174.99,4.0,81,93
New Balance,74,Fresh Foam 1080v10,508,119.99,4.0,88,82
New Balance,100,Fresh Foam Roav,1,79.95,3.0,100,100
New Balance,100,Shando,1,89.95,4.0,100,100
New Balance,85,510v5,55,59.95,4.0,87,91
New Balance,73,Fresh Foam Arishi v3,54,59.95,4.0,83,86
New Balance,74,Made in US 990v5,0,174.95,0.0,87,90
New Balance,55,Fresh Foam Hierro v5 GTX,11,149.95,5.0,100,100
New Balance,100,Fresh Foam Roav Backpack,5,79.95,4.0,80,80
New Balance,74,Made in US 990v5,0,174.95,0.0,87,90
New Balance,93,Nitrel v4,16,69.99,4.0,81,100
New Balance,80,680v6,140,74.95,4.0,81,77
New Balance,74,Fresh Foam 1080v10,508,114.99,4.0,88,82
New Balance,81,Fresh Foam Tempo,93,80.92,4.0,81,85
New Balance,83,Fresh Foam Roav,20,79.95,4.0,89,100
New Balance,0,FuelCell 890v8,0,84.43,0.0,0,0
New Balance,64,Fresh Foam Vongo v4,16,139.95,4.0,80,92
New Balance,69,1540v3,447,169.95,4.0,81,93
New Balance,60,Minimus 10v1,508,114.95,4.0,48,62
New Balance,81,Fresh Foam Tempo,93,78.68,4.0,81,85
New Balance,81,Fresh Foam Tempo,93,81.12,4.0,81,85
New Balance,93,Nitrel v4,16,69.95,4.0,81,100
New Balance,69,1540v3,447,169.95,4.0,81,93
New Balance,73,940v4,205,129.95,4.0,87,84
New Balance,80,680v6,140,74.95,4.0,81,77
New Balance,74,Fresh Foam 1080v10,508,114.99,4.0,88,82
New Balance,81,Fresh Foam Tempo,93,69.95,4.0,81,85
New Balance,83,Fresh Foam Roav,20,79.95,4.0,89,100
New Balance,80,680v6,140,74.95,4.0,81,77
New Balance,74,Fresh Foam 1080v10,508,119.99,4.0,88,82
New Balance,81,Fresh Foam Tempo,93,92.4,4.0,81,85
New Balance,85,510v5,55,69.95,4.0,87,91
New Balance,74,Fresh Foam 1080v10,508,119.99,4.0,88,82
New Balance,73,Fresh Foam Arishi v3,54,69.95,4.0,83,86
New Balance,81,Fresh Foam Tempo,93,69.95,4.0,81,85
New Balance,85,510v5,55,69.95,4.0,87,91
New Balance,73,940v4,205,129.95,4.0,87,84
New Balance,73,Fresh Foam Arishi v3,54,69.95,4.0,83,86
New Balance,73,Fresh Foam Arishi v3,54,64.95,4.0,83,86
New Balance,85,510v5,55,59.95,4.0,87,91
New Balance,86,Fresh Foam Roav Tee Shirt,33,79.95,5.0,87,93
New Balance,73,940v4,205,129.95,4.0,87,84
New Balance,80,840v4,329,124.99,4.0,89,89
New Balance,100,Fresh Foam Roav Backpack,5,74.95,4.0,80,80
New Balance,80,840v4,329,124.95,4.0,89,89
New Balance,74,Made in US 990v5,0,174.95,0.0,87,90
New Balance,74,Fresh Foam 1080v10,508,119.99,4.0,88,82
New Balance,80,680v6,140,74.95,4.0,81,77
New Balance,86,Fresh Foam Roav Tee Shirt,33,79.95,5.0,87,93
New Balance,74,Made in US 990v5,0,174.95,0.0,87,90
New Balance,74,Made in US 990v5,0,174.95,0.0,87,90
Brooks,0,Catamount,33,159.95,5.0,0,0
Brooks,0,Ricochet 3,0,119.95,0.0,0,0
Brooks,75,Levitate 4,38,149.95,3.0,75,88
Brooks,100,Bedlam 3,19,149.95,4.0,100,100
Brooks,100,Caldera 4,75,139.95,4.0,85,85
Brooks,85,Launch 7,134,74.95,4.0,80,85
Brooks,75,Levitate 4,38,149.95,3.0,75,88
Brooks,0,Launch 8,0,99.95,0.0,0,0
Brooks,100,Bedlam 3,19,149.95,4.0,100,100
Brooks,75,Levitate 4,38,149.95,3.0,75,88
Brooks,75,Levitate 4,38,149.95,3.0,75,88
Brooks,84,Revel 4,98,99.95,4.0,88,96
Brooks,0,Launch GTS 8,0,99.95,0.0,0,0
Brooks,100,Hyperion Elite II,37,249.95,4.0,100,100
Brooks,100,Caldera 4,75,139.95,4.0,85,85
Brooks,0,Launch 8,0,99.95,0.0,0,0
Brooks,92,Hyperion Tempo,155,149.95,5.0,80,93
Brooks,84,Revel 4,98,99.95,4.0,88,96
Brooks,75,Levitate 4,38,149.95,3.0,75,88
Brooks,75,Levitate 4,38,149.95,3.0,75,88
Brooks,100,Divide,31,74.95,4.0,100,100
Brooks,0,Launch GTS 8,0,99.95,0.0,0,0
Brooks,84,Revel 4,98,99.95,4.0,88,96
Brooks,0,Launch 8,0,99.95,0.0,0,0
Brooks,85,Launch 7,134,74.95,4.0,80,85
Brooks,0,Launch 8,0,99.95,0.0,0,0
Brooks,92,Hyperion Tempo,155,149.95,5.0,80,93
Brooks,100,Divide,31,74.95,4.0,100,100
Brooks,85,Launch 7,134,74.95,4.0,80,85
Brooks,78,Glycerin 18,266,129.95,4.0,88,89
Brooks,100,Ricochet 2,47,89.95,4.0,100,82
Brooks,100,Caldera 4,75,139.95,4.0,85,85
Brooks,76,Anthem 3,59,69.95,4.0,88,88
Brooks,84,Revel 4,98,99.95,4.0,88,96
Brooks,85,Launch 7,134,74.95,4.0,80,85
Brooks,85,Ghost 13,265,129.95,4.0,80,86
Brooks,84,Revel 4,98,99.95,4.0,88,96
Brooks,76,Anthem 3,59,69.95,4.0,88,88
Brooks,75,Levitate 4,38,149.95,3.0,75,88
Brooks,92,Hyperion Tempo,155,149.95,5.0,80,93
Brooks,75,Levitate 4,38,149.95,3.0,75,88
Brooks,100,Cascadia 15,33,129.95,4.0,80,60
Brooks,92,Hyperion Tempo,155,149.95,5.0,80,93
Brooks,100,Ricochet 2,47,89.95,4.0,100,82
Brooks,84,Revel 4,98,99.95,4.0,88,96
Brooks,100,Ricochet 2,47,89.95,4.0,100,82
Altra Footwear,86,Lone Peak 4.5,51,89.95,4.0,71,90
Mizuno,92,Wave Inspire 16,93,99.95,5.0,77,92
Hoka One One,76,Bondi 7,572,149.95,4.0,84,86
Under Armour,60,Surge 2,16,54.99,4.0,87,93
Hoka One One,74,Clifton 7,476,129.95,4.0,83,78
On,88,Cloud Waterproof,55,149.95,4.0,75,87
Under Armour,80,Charged Pursuit 2,28,59.95,4.0,89,100
Hoka One One,69,Speedgoat 4,251,144.95,4.0,85,81
Under Armour,60,Surge 2,16,52.8,4.0,87,93
Hoka One One,75,Carbon X,286,140.0,5.0,60,75
On,75,Cloudflyer,8,159.95,4.0,100,88
On,69,Cloudswift,109,149.95,4.0,85,89
On,82,Cloud X,23,139.95,5.0,77,95
On,80,Cloudflow,155,139.95,4.0,84,96
Hoka One One,74,Clifton 7,476,129.95,4.0,83,78
On,88,Cloud Waterproof,55,149.95,4.0,75,87
Hoka One One,68,Arahi 4,170,129.95,4.0,83,88
Under Armour,74,UA Charged Assert 8,50,59.94,5.0,79,93
Under Armour,80,Charged Pursuit 2,28,59.95,4.0,89,100
Hoka One One,76,Bondi 7,572,149.95,4.0,84,86
On,78,Cloud 2.0,297,129.94,4.0,82,93
Altra Footwear,86,Lone Peak 4.5,51,89.95,4.0,71,90
Hoka One One,74,Clifton 7,476,129.95,4.0,83,78
Under Armour,74,UA Charged Assert 8,50,48.79,5.0,79,93
On,78,Cloud 2.0,297,129.95,4.0,82,93
On,69,Cloudswift,109,149.95,4.0,85,89
Hoka One One,82,Gaviota 2,793,149.95,4.0,76,80
adidas,0,alphaboost,0,120.0,0.0,0,0
On,82,Cloud X,23,139.95,5.0,77,95
Hoka One One,74,Clifton 7,476,129.95,4.0,83,78
On,78,Cloud 2.0,297,129.94,4.0,82,93
Hoka One One,75,Carbon X,286,140.0,5.0,60,75
On,69,Cloudswift,109,149.95,4.0,85,89
Hoka One One,76,Bondi 7,572,149.95,4.0,84,86
On,78,Cloud 2.0,297,129.95,4.0,82,93
On,78,Cloud 2.0,297,129.95,4.0,82,93
On,80,Cloudflow,155,139.95,4.0,84,96
Hoka One One,74,Clifton 7,476,129.95,4.0,83,78
On,78,Cloud 2.0,297,129.94,4.0,82,93
Hoka One One,76,Bondi 7,572,149.95,4.0,84,86
Hoka One One,74,Clifton 7,476,129.95,4.0,83,78
On,78,Cloud 2.0,297,129.95,4.0,82,93
Hoka One One,76,Bondi 7,572,149.95,4.0,84,86
New Balance,79,Fresh Foam More v2,14,164.95,3.0,93,86
New Balance,100,FuelCell Propel v2,2,99.99,3.0,50,100
New Balance,74,Fresh Foam 1080v10,508,134.99,4.0,88,82
New Balance,79,Fresh Foam More v2,14,164.95,3.0,93,86
New Balance,83,Fuelcell Echo,19,89.99,4.0,89,94
New Balance,93,Nitrel v4,16,69.99,4.0,81,100
New Balance,81,Fresh Foam Roav Trail,33,84.95,4.0,76,90
New Balance,100,FuelCell Propel v2,2,99.99,3.0,50,100
New Balance,100,Fresh Foam Roav Backpack,5,79.99,4.0,80,80
New Balance,74,Fresh Foam 1080v10,508,149.95,4.0,88,82
New Balance,79,Fresh Foam More v2,14,164.95,3.0,93,86
New Balance,0,FuelCell Prism EnergyStreak,0,119.99,0.0,0,0
New Balance,81,Fresh Foam Roav Trail,33,84.95,4.0,76,90
New Balance,92,1400v6,28,99.95,4.0,86,92
New Balance,100,FuelCell Propel v2,2,99.99,3.0,50,100
New Balance,100,FuelCell Prism,2,119.99,5.0,100,100
New Balance,79,Fresh Foam More v2,14,164.95,3.0,93,86
New Balance,64,Fresh Foam Vongo v4,16,139.95,4.0,80,92
New Balance,73,Fresh Foam Hierro v5,56,134.95,4.0,96,91
New Balance,73,Fresh Foam Hierro v5,56,134.95,4.0,96,91
New Balance,80,840v4,329,124.95,4.0,89,89
New Balance,100,Fresh Foam Roav Backpack,5,79.99,4.0,80,80
New Balance,100,Fresh Foam Beacon v3,1,119.99,3.0,100,100
New Balance,100,FuelCell Prism,2,119.99,5.0,100,100
New Balance,86,Fresh Foam Roav Tee Shirt,33,79.95,5.0,87,93
New Balance,81,Fresh Foam Tempo,93,87.99,4.0,81,85
New Balance,73,Fresh Foam Hierro v5,56,134.99,4.0,96,91
New Balance,92,1400v6,28,99.95,4.0,86,92
New Balance,80,Fresh Foam Roav Fusion,5,64.08,2.0,80,40
New Balance,67,FuelCell Echolucent Pride,4,87.99,4.0,75,100
New Balance,83,Fresh Foam Roav,20,79.95,4.0,89,100
New Balance,100,Fresh Foam Beacon v3,1,119.99,3.0,100,100
New Balance,83,Fresh Foam Roav,20,79.95,4.0,89,100
New Balance,63,Fresh Foam Vongo v4,8,82.63,5.0,100,75
New Balance,71,Minimus T10v1,279,114.95,4.0,88,100
New Balance,74,Made in US 990v5,0,174.99,0.0,87,90
New Balance,75,890v8,4,71.82,3.0,50,75
New Balance,100,Shando,1,89.95,4.0,100,100
New Balance,93,Nitrel v4,16,69.95,4.0,81,100
New Balance,75,890v8,4,85.8,3.0,50,75
New Balance,79,Fresh Foam More v2,14,164.95,3.0,93,86
New Balance,100,Fresh Foam Beacon v3,1,119.99,3.0,100,100
New Balance,80,680v6,140,74.95,4.0,81,77
New Balance,85,510v5,55,69.95,4.0,87,91
New Balance,74,Made in US 990v5,0,174.99,0.0,87,90
New Balance,100,Fresh Foam More Trail v1,3,164.99,5.0,100,100
New Balance,79,Fresh Foam More v2,14,164.95,3.0,93,86
New Balance,93,Nitrel v4,16,69.95,4.0,81,100
New Balance,73,Fresh Foam Arishi v3,54,69.95,4.0,83,86
New Balance,100,FuelCell Prism,2,119.99,5.0,100,100
New Balance,100,Fresh Foam Roav,1,79.95,3.0,100,100
New Balance,100,Fresh Foam More Trail v1,3,164.99,5.0,100,100
New Balance,73,Fresh Foam Hierro v5,56,134.99,4.0,96,91
New Balance,74,Made in US 990v5,0,179.99,0.0,87,90
New Balance,86,Fresh Foam Roav Tee Shirt,33,79.95,5.0,87,93
New Balance,100,Shando,1,89.95,4.0,100,100
Mizuno,100,Wave Rider 24,35,129.95,4.0,100,100
On,69,Cloudace,13,199.95,4.0,85,92
Under Armour,100,Charged Escape 3 Evo,9,79.95,5.0,100,100
Mizuno,0,Peachtree 51st Rider Waveknit,18,129.95,5.0,0,0
On,80,Cloudflow,155,139.95,4.0,84,96
Under Armour,100,Charged Pursuit 2 Twist,3,69.95,5.0,67,100
Hoka One One,100,Challenger ATR 6,11,129.95,4.0,100,100
Hoka One One,74,Clifton 7,476,129.95,4.0,83,78
Hoka One One,71,Challenger Mid GORE-TEX®,100,159.95,4.0,100,100
Under Armour,80,Charged Pursuit 2,28,69.95,4.0,89,100
SKECHERS,87,Go Run Consistent,117,55.0,5.0,92,89
Mizuno,71,Wave Rider 24 WAVEKNIT™,29,129.95,5.0,57,100
Mizuno,100,Wave Rider 24,35,129.95,4.0,100,100
Altra Footwear,100,Escalante 2.5,5,130.0,4.0,40,80
Saucony,94,Kinvara 11,17,109.95,4.0,76,75
Saucony,86,Versafoam Cohesion 13,16,54.95,4.0,80,87
Hoka One One,88,Cavu 3,35,119.95,4.0,89,88
Mizuno,75,Wave Sky 4 WAVEKNIT™,24,159.95,5.0,100,100
Altra Footwear,100,Superior 4.5,8,109.95,4.0,63,67
Salomon,91,XA Pro 3D V8,100,130.0,4.0,67,80
On,75,Cloudflyer,8,159.95,4.0,100,88
Hoka One One,88,Cavu 3,35,119.95,4.0,89,88
Hoka One One,69,Speedgoat 4,251,144.95,4.0,85,81
Hoka One One,75,Rincon 2,174,115.0,4.0,100,100
Under Armour,58,HOVR Sonic 3,12,82.49,5.0,75,91
On,78,Cloud 2.0,297,129.94,4.0,82,93
Hoka One One,82,Gaviota 2,793,149.95,4.0,76,80
Saucony,62,Guide 13,15,119.95,5.0,100,85
Hoka One One,50,Carbon X-SPE,56,199.95,4.0,50,50
Altra Footwear,100,Escalante 2.5,5,130.0,4.0,40,80
Mizuno,75,Wave Sky 4 WAVEKNIT™,24,159.95,5.0,100,100
Altra Footwear,76,Torin 4.5 Plush,18,139.95,4.0,72,89
Hoka One One,74,Clifton 7,476,129.95,4.0,83,78
Mizuno,100,Wave Rider 24,35,129.95,4.0,100,100
Hoka One One,100,Speedgoat Mid 2 GTX,54,169.95,4.0,50,71
Hoka One One,69,Speedgoat 4,251,144.95,4.0,85,81
Under Armour,58,HOVR Sonic 3,12,90.23,5.0,75,91
On,71,Cloudsurfer,60,149.95,4.0,81,94
Hoka One One,86,Challenger ATR 5 GTX,77,139.95,5.0,100,100
Hoka One One,67,Speedgoat 4 GTX,74,159.95,4.0,50,50
Hoka One One,85,Hupana Flow,69,114.95,4.0,62,67
PUMA,80,ST Runner V2 NL,5,49.99,4.0,100,100
SKECHERS,87,Go Run Consistent,117,55.0,5.0,92,89
Altra Footwear,76,Torin 4.5 Plush,18,139.95,4.0,72,89
Mizuno,71,Wave Rider 24 WAVEKNIT™,29,129.95,5.0,57,100
Salomon,84,Speedcross 5 GTX,138,150.0,4.0,86,79
Under Armour,100,Charged Impulse Knit,1,56.26,5.0,100,100
Under Armour,67,Charged Bandit 6,5,69.99,5.0,100,100
On,69,Cloudswift,109,149.95,4.0,85,89
Hoka One One,75,Challenger ATR 5,272,89.83,4.0,81,89
Mizuno,71,Wave Rider 24 WAVEKNIT™,29,129.95,5.0,57,100
Hoka One One,54,Stinson ATR 6,81,159.95,5.0,85,100
Hoka One One,0,Challenger ATR 6 GORE-TEX®,15,139.95,5.0,0,0
Hoka One One,89,Challenger Low GORE-TEX®,62,149.95,4.0,67,89
Under Armour,100,Charged Escape 3 Evo,9,89.95,5.0,100,100
Altra Footwear,87,Torin 4,41,89.95,4.0,83,92
Mizuno,100,Wave Inspire 16 WAVEKNIT™,15,99.95,5.0,100,100
Altra Footwear,86,Lone Peak 4.5,51,89.95,4.0,71,90
Hoka One One,74,Clifton 7,476,129.95,4.0,83,78
Hoka One One,68,Arahi 4,170,129.95,4.0,83,88
Saucony,75,Peregrine 10,12,119.95,4.0,75,100
Reebok,0,Futsal Fusion,0,49.99,0.0,0,0
Hoka One One,100,Challenger ATR 6,11,129.95,4.0,100,100
On,80,Cloudventure Waterproof,25,169.95,3.0,64,84
Saucony,50,Omni 19,2,129.95,5.0,50,100
Hoka One One,76,Hupana Flow Wool,47,119.95,5.0,79,81
Hoka One One,75,Challenger ATR 5,272,129.95,4.0,81,89
On,100,Cloud 70/30,2,129.94,5.0,100,100
Salomon,84,Speedcross 5 GTX,138,149.95,4.0,86,79
Hoka One One,69,Speedgoat 4,251,144.95,4.0,85,81
Hoka One One,68,Arahi 4,170,129.95,4.0,83,88
On,82,Cloud X,23,139.95,5.0,77,95
On,80,Cloudflow,155,139.95,4.0,84,96
Salomon,76,Speedcross 5,419,129.95,5.0,78,78
Under Armour,100,Charged Pursuit 2 Twist,3,69.95,5.0,67,100
Hoka One One,75,Rincon 2,174,115.0,4.0,100,100
On,82,Cloud X,23,139.95,5.0,77,95
Mizuno,92,Wave Inspire 16,93,99.95,5.0,77,92
Merrell,100,Wildwood GTX,1,119.95,4.0,100,100
On,82,Cloud X,23,139.95,5.0,77,95
Saucony,62,Guide 13,15,119.95,5.0,100,85
Hoka One One,75,Rincon 2,174,114.95,4.0,100,100
On,50,Cloudflyer Waterproof,2,179.94,3.0,100,100
On,78,Cloud 2.0,297,129.94,4.0,82,93
On,80,Cloudflow,155,139.94,4.0,84,96
Saucony,100,Versafoam Cohesion TR13,3,54.95,5.0,100,100
Hoka One One,82,Gaviota 2,793,149.95,4.0,76,80
On,75,Cloudflyer,8,159.95,4.0,100,88
On,52,Cloudstratus,28,169.95,4.0,85,88
Hoka One One,57,Bondi SR,76,159.95,4.0,71,71
On,78,Cloud 2.0,297,129.94,4.0,82,93
Under Armour,100,Charged Escape 3 Evo,9,89.95,5.0,100,100
On,53,Cloud Terry,15,149.95,4.0,80,87
On,78,Cloud 2.0,297,129.94,4.0,82,93
Hoka One One,89,Challenger Low GORE-TEX®,62,149.95,4.0,67,89
On,77,Cloudventure,33,149.95,4.0,82,94
Mizuno,92,Wave Inspire 16,93,99.95,5.0,77,92
On,88,Cloud Waterproof,55,149.95,4.0,75,87
Salomon,76,Speedcross 5,419,129.95,5.0,78,78
Merrell,0,MTL Skyfire,0,99.95,0.0,0,0
La Sportiva,92,Bushido II,15,130.0,4.0,60,73
SKECHERS,87,Go Run Consistent,117,49.99,5.0,92,89
Hoka One One,57,Clifton Edge,106,159.95,4.0,71,100
On,71,Cloud 70 | 30,21,129.95,5.0,71,84
On,69,Cloudace,13,199.95,4.0,85,92
Hoka One One,75,Torrent 2,27,119.95,4.0,75,100
La Sportiva,100,Kaptiva GTX,2,159.0,4.0,50,100
Saucony,62,Guide 13,15,119.95,5.0,100,85
Hoka One One,67,Elevon 2,74,159.95,4.0,100,100
Hoka One One,57,Bondi SR,76,159.95,4.0,71,71
Hoka One One,50,Carbon X-SPE,56,199.95,4.0,50,50
Saucony,80,Ride 13,5,129.95,4.0,60,75
Saucony,94,Kinvara 11,17,109.95,4.0,76,75
La Sportiva,92,Bushido II,15,130.0,4.0,60,73
Saucony,100,Peregrine 10 GTX,5,139.95,4.0,60,100
inov-8,100,Terraultra™ G 270,6,160.0,5.0,100,83
adidas Outdoor,100,Terrex Agravic XT,2,139.95,4.0,100,100
Mizuno,75,Wave Sky 4 WAVEKNIT™,24,159.95,5.0,100,100
Hoka One One,65,Akasa,101,139.95,4.0,90,90
Hoka One One,100,Challenger ATR 6,11,129.95,4.0,100,100
Saucony,100,Liberty ISO 2,4,119.95,4.0,100,50
On,53,Cloud Terry,15,149.95,4.0,80,87
Hoka One One,75,Torrent 2,27,119.95,4.0,75,100
Under Armour,69,Charged Rogue 2,13,79.95,4.0,62,83
Merrell,100,MTL Skyfire X White Mountains,1,109.95,5.0,100,100
Salomon,91,XA Pro 3D V8,100,130.0,4.0,67,80
Mizuno,100,Wave Rider 24,35,129.95,4.0,100,100
Altra Footwear,100,Superior 4.5,8,109.95,4.0,63,67
adidas Outdoor,100,Terrex Agravic Flow,3,97.46,3.0,50,100
Under Armour,0,Charged Toccoa 3,0,69.95,0.0,0,0
Hoka One One,75,Challenger ATR 5,272,97.46,4.0,81,89
Hoka One One,69,Speedgoat 4,251,144.95,4.0,85,81
The North Face,80,Ultra 109 Waterproof,15,119.95,4.0,100,100
Hoka One One,69,Speedgoat 4,251,144.95,4.0,85,81
Hoka One One,100,Rincon TK,163,114.95,4.0,100,100
Saucony,94,Kinvara 11,17,109.95,4.0,76,75
Hoka One One,57,Clifton Edge,106,160.0,4.0,71,100
SKECHERS,0,Go Run Fast - Alulight,9,59.95,5.0,0,0
Altra Footwear,100,Escalante 2.5,5,130.0,4.0,40,80
Under Armour,50,Charged Impulse,3,74.99,5.0,100,100
Hoka One One,57,Clifton Edge,106,159.95,4.0,71,100
Hoka One One,86,Ora Recovery Shoe,189,79.95,4.0,68,86
Reebok,100,Zig Kinetica,2,120.0,5.0,100,100
Mizuno,71,Wave Rider 24 WAVEKNIT™,29,129.95,5.0,57,100
Saucony,100,Guide 13 TR,2,119.95,5.0,100,100
On,52,Cloudstratus,28,169.95,4.0,85,88
Under Armour,69,Charged Rogue 2,13,79.95,4.0,62,83
Hoka One One,69,Speedgoat 4,251,144.95,4.0,85,81
Hoka One One,54,Stinson ATR 6,81,159.95,5.0,85,100
La Sportiva,65,Wildcat,55,110.0,5.0,45,94
ASICS Tiger,79,Tiger Runner,37,55.0,4.0,83,60
Merrell,0,MTL Skyfire,0,99.95,0.0,0,0
Altra Footwear,100,Escalante 2.5,5,130.0,4.0,40,80
Saucony,50,Hurricane 22,4,159.95,4.0,75,50
Saucony,62,Guide 13,15,119.95,5.0,100,85
Hoka One One,54,Stinson ATR 6,81,159.95,5.0,85,100
On,71,Cloudsurfer,60,149.95,4.0,81,94
On,100,Cloud 70/30,2,129.95,5.0,100,100
On,80,Cloudventure Waterproof,25,169.95,3.0,64,84
Altra Footwear,100,Paradigm 5,3,149.95,5.0,100,100
Hoka One One,69,Speedgoat 4,251,144.95,4.0,85,81
Saucony,62,Guide 13,15,119.95,5.0,100,85
Reebok,0,Aztrek 96,0,42.99,0.0,0,0
Under Armour,67,Charged Bandit 6,5,71.76,5.0,100,100
Hoka One One,67,Speedgoat 4 GTX,74,159.95,4.0,50,50
Saucony,100,Triumph 18,1,149.95,3.0,100,100
Altra Footwear,75,King MT 2,5,69.83,4.0,60,75
On,78,Cloud 2.0,297,129.95,4.0,82,93
Saucony,50,Omni 19,2,129.95,5.0,50,100
On,53,Cloud Terry,15,149.94,4.0,80,87
Merrell,89,Bare Access XTR,18,99.95,4.0,72,83
Hoka One One,100,Challenger ATR 6,11,129.95,4.0,100,100
Hoka One One,86,Ora Recovery Shoe,189,79.95,4.0,68,86
On,69,Cloudace,13,199.95,4.0,85,92
SKECHERS,100,Go Run 400 V2 - Omega,36,48.99,5.0,100,100
On,78,Cloud 2.0,297,129.94,4.0,82,93
Saucony,50,Omni 19,2,129.95,5.0,50,100
Altra Footwear,76,Torin 4.5 Plush,18,139.95,4.0,72,89
Mizuno,100,Wave Inspire 16 WAVEKNIT™,15,99.95,5.0,100,100
Mizuno,100,Wave Inspire 16 WAVEKNIT™,15,99.95,5.0,100,100
Under Armour,100,Charged Pursuit 2 Twist,3,59.95,5.0,67,100
Saucony,100,Triumph 18,1,149.95,3.0,100,100
Hoka One One,54,Stinson ATR 6,81,159.95,5.0,85,100
Saucony,86,Versafoam Cohesion 13,16,59.95,4.0,80,87
SKECHERS,87,Go Run Consistent,117,48.77,5.0,92,89
SKECHERS,87,Go Run Consistent,117,51.32,5.0,92,89
Under Armour,69,Charged Rogue 2,13,55.99,4.0,62,83
Mizuno,100,Wave Inspire 16 WAVEKNIT™,15,99.95,5.0,100,100
On,80,Cloudflow,155,139.95,4.0,84,96
Under Armour,80,Charged Intake 4,6,79.99,4.0,80,100
Saucony,80,Ride 13,5,129.95,4.0,60,75
Saucony,80,Ride 13,5,129.95,4.0,60,75
Mizuno,92,Wave Inspire 16,93,99.95,5.0,77,92
Salomon,0,Wildcross,43,130.0,5.0,0,0
Saucony,62,Guide 13,15,119.95,5.0,100,85
Hoka One One,89,Challenger Low GORE-TEX®,62,149.95,4.0,67,89
Hoka One One,75,Rincon 2,174,114.95,4.0,100,100
Altra Footwear,87,Torin 4,41,89.95,4.0,83,92
SKECHERS,100,Go Run Ride 8,65,95.96,4.0,100,100
Saucony,100,Liberty ISO 2,4,119.95,4.0,100,50
Topo Athletic,100,Terraventure 2,69,120.0,4.0,50,100
Merrell,100,Agility Synthesis 2,2,109.95,5.0,100,100
Merrell,100,Agility Synthesis 2,2,109.95,5.0,100,100
Altra Footwear,83,Viho,14,74.93,4.0,79,75
Saucony,68,Echelon 7,26,129.95,3.0,88,79
The North Face,0,Ultra Endurance XF Futurelight,4,164.95,3.0,0,0
Vibram FiveFingers,75,V-Train 2.0,5,120.0,5.0,80,100
Hoka One One,50,Mach 3,14,139.95,4.0,100,100
Mizuno,100,Wave Horizon 4,22,159.95,4.0,100,100
La Sportiva,100,Wildcat 2.0 GTX,1,155.0,2.0,100,100
La Sportiva,100,Jackal,1,140.0,4.0,100,100
Salomon,67,Supercross,109,109.95,4.0,71,67
Saucony,67,Xodus 10,3,149.95,4.0,100,67
Mizuno,100,Wave Horizon 4,22,160.0,4.0,100,100
Vibram FiveFingers,67,V-Trek,8,120.0,4.0,75,67
Merrell,0,MTL Skyfire,0,99.95,0.0,0,0
Altra Footwear,80,Escalante Racer,36,139.95,5.0,75,94
Newton Running,100,Fate 6,2,139.95,4.0,100,100
Salomon,0,S/Lab Cross,4,180.0,5.0,0,0
Salomon,0,Outsnap CSWP,15,130.0,5.0,0,0
Saucony,0,Peregrine 10 ST,0,89.93,0.0,0,0
On,77,Cloudventure,33,149.95,4.0,82,94
Merrell,100,Zion Waterproof,4,139.95,3.0,75,67
Saucony,0,Peregrine Ice+,0,149.95,0.0,0,0
Mizuno,75,Wave Prophecy 8,108,149.97,4.0,100,100
La Sportiva,0,Jackal GTX,0,170.0,0.0,0,0
Altra Footwear,80,Timp 2,20,139.95,3.0,63,72
Altra Footwear,80,Timp 2,20,139.95,3.0,63,72
Saucony,50,Hurricane 22,4,159.95,4.0,75,50
Vibram FiveFingers,56,V-Run,21,130.0,4.0,71,95
Reebok,100,Zig Kinetica,2,120.0,5.0,100,100
Salomon,100,XA Wild,14,130.0,4.0,100,100
Salomon,100,S/Lab XA Alpine 2,49,250.0,5.0,100,100
inov-8,100,Parkclaw 275,1,140.0,1.0,100,100
On,60,Cloud Hi,5,169.95,5.0,60,80
On,80,Cloudventure Waterproof,25,169.95,3.0,64,84
Under Armour,80,Charged Pulse,6,99.95,4.0,40,60
Merrell,100,Zion Waterproof,4,139.95,3.0,75,67
Hoka One One,100,Challenger ATR 6,11,129.95,4.0,100,100
On,100,Cloudflash,1,179.95,4.0,100,100
Altra Footwear,83,Viho,14,74.93,4.0,79,75
Hoka One One,57,Clifton Edge,106,159.95,4.0,71,100
SKECHERS,100,Go Run Fast - Valor,79,50.26,5.0,100,100
Hoka One One,75,Torrent 2,27,119.95,4.0,75,100
Hoka One One,67,Elevon 2,74,159.95,4.0,100,100
On,80,Cloudventure Peak,17,149.95,4.0,94,100
The North Face,0,Ultra 100 Capsule 20 Anniversary,0,95.99,0.0,0,0
La Sportiva,100,Jackal,1,140.0,4.0,100,100
La Sportiva,100,Helios III,1,125.0,3.0,100,100
Saucony,67,Xodus 10,3,149.95,4.0,100,67
Saucony,0,Echelon 8,0,129.95,0.0,0,0
Mizuno,60,Wave Creation 20,49,169.95,4.0,44,88
Saucony,75,Peregrine 10,12,119.95,4.0,75,100
Saucony,86,Versafoam Cohesion 13,16,59.95,4.0,80,87
Newton Running,100,Gravity 9,1,139.95,5.0,100,100
Merrell,100,Zion Waterproof,4,139.95,3.0,75,67
Hoka One One,75,Torrent 2,27,119.95,4.0,75,100
Hoka One One,67,Elevon 2,74,159.95,4.0,100,100
On,50,Cloud Hi Waterproof,2,199.94,5.0,100,100
Saucony,100,Triumph 18,1,149.95,3.0,100,100
Hoka One One,75,Challenger ATR 5,272,129.95,4.0,81,89
Hoka One One,75,Challenger ATR 5,272,129.95,4.0,81,89
Hoka One One,75,Torrent 2,27,119.95,4.0,75,100
Altra Footwear,87,Torin 4,41,89.95,4.0,83,92
Vibram FiveFingers,65,KSO EVO,65,100.0,4.0,72,97
Saucony,94,Kinvara 11,17,109.95,4.0,76,75
Mizuno,100,Wave Shadow 3,15,80.84,4.0,100,100
Saucony,0,Fastwitch 9,0,99.95,0.0,0,0
inov-8,100,Terraultra™ G 270,6,160.0,5.0,100,83
inov-8,100,RocLite™ 275,4,145.0,4.0,75,75
SKECHERS,0,Go Run Trail Altitude,0,64.95,0.0,0,0
SKECHERS,0,Go Run Trail Altitude - Marble,0,64.95,0.0,0,0
Under Armour,80,Charged Pulse,6,99.95,4.0,40,60
Hoka One One,100,Evo Mafate 2,41,169.95,4.0,100,100
Under Armour,80,Charged Pulse,6,99.95,4.0,40,60
SKECHERS,85,Go Run Fast - Valor,91,55.0,5.0,93,86
PUMA,0,Minima,0,39.45,0.0,0,0
Saucony,94,Kinvara 11,17,109.95,4.0,76,75
Saucony,100,Triumph 18,1,149.95,3.0,100,100
Hoka One One,76,Hupana Flow Wool,47,119.95,5.0,79,81
Hoka One One,50,Carbon X-SPE,56,199.95,4.0,50,50
On,77,Cloudventure,33,149.94,4.0,82,94
On,77,Cloudventure,33,149.95,4.0,82,94
Salomon,100,S/Lab Sense 8,3,180.0,4.0,67,100
Salomon,50,XA Wild GTX,12,150.0,3.0,67,67
On,53,Cloud Terry,15,149.94,4.0,80,87
Vibram FiveFingers,53,Classic,18,80.0,4.0,72,94
Hoka One One,57,Clifton Edge,106,159.95,4.0,71,100
Mizuno,75,Wave Sky 4 WAVEKNIT™,24,159.95,5.0,100,100
SKECHERS,0,Go Run Trail Altitude,0,64.95,0.0,0,0
Salomon,50,XA Wild GTX,12,150.0,3.0,67,67
Under Armour,80,Charged Pulse,6,99.95,4.0,40,60
Under Armour,67,Charged Bandit 6,5,89.95,5.0,100,100
adidas Outdoor,50,Terrex Speed LD,2,119.95,5.0,100,50
Merrell,0,Nova GTX,0,139.95,0.0,0,0
Saucony,62,Guide 13,15,119.95,5.0,100,85
On,80,Cloudventure Peak,17,149.95,4.0,94,100
Topo Athletic,75,Phantom,71,130.0,4.0,100,100
Altra Footwear,63,Provision 4,10,129.95,3.0,100,100
Saucony,94,Kinvara 11,17,109.95,4.0,76,75
,0,,0,0,0.0,0,0
Saucony,50,Hurricane 22,4,159.95,4.0,75,50
La Sportiva,100,Kaptiva,5,139.0,4.0,60,60
Topo Athletic,100,Ultrafly 3,48,130.0,4.0,67,100
Saucony,100,Type A9,2,99.95,4.0,100,50
Reebok,0,Forever Floatride Energy 2,0,100.0,0.0,0,0
SKECHERS,56,Go Run Pulse,23,52.6,4.0,100,78
Mizuno,100,Wave Horizon 4,22,159.95,4.0,100,100
Mizuno,100,Wave Creation WAVEKNIT™ 2,20,179.95,4.0,100,100
Mizuno,100,Wave Creation WAVEKNIT™ 2,20,179.95,4.0,100,100
Newton Running,100,Distance 9,1,155.0,5.0,100,100
Newton Running,100,Gravity 8,1,139.95,5.0,100,100
361 Degrees,0,Sensation 4,0,134.95,0.0,0,0
Merrell,67,Zion,4,119.95,3.0,100,67
Salomon,100,S/Lab XA Amphib 2,43,179.95,5.0,100,100
On,60,Cloud Hi,5,169.95,5.0,60,80
Altra Footwear,100,Superior 4.5,8,109.95,4.0,63,67
Altra Footwear,100,Superior 4.5,8,109.95,4.0,63,67
,0,,0,0,0.0,0,0
La Sportiva,83,Mutant,6,135.0,4.0,67,50
SKECHERS,0,Go Run Razor 3 Elite,0,154.95,0.0,0,0
SKECHERS,100,Go Run Speed Trail,11,89.38,4.0,100,100
SKECHERS,50,Go Run Razor 3+,4,134.95,4.0,100,100
Under Armour,69,Charged Rogue 2,13,79.95,4.0,62,83
Merrell,89,Bare Access XTR,18,99.95,4.0,72,83
CHARLY,0,Vigorate,0,55.0,0.0,0,0
Hoka One One,50,Mach 3,14,139.95,4.0,100,100
Topo Athletic,0,Runventure 3,19,120.0,5.0,0,0
On,75,Cloud Dip,9,159.95,2.0,100,100
CHARLY,0,Vigorate,0,55.0,0.0,0,0
Oboz,60,Arete Low,5,124.95,4.0,80,100
Newton Running,0,Kismet 6,0,139.95,0.0,0,0
SKECHERS,90,Go Run Razor 3,98,107.96,4.0,91,100
SKECHERS,85,Go Run Fast - Valor,91,55.0,5.0,93,86
PUMA,0,Minima,0,47.06,0.0,0,0
Altra Footwear,83,Viho,14,99.95,4.0,79,75
Altra Footwear,63,Provision 4,10,129.95,3.0,100,100
Newton Running,100,Motion 9,2,139.95,3.0,100,50
Merrell,100,Zion FST,1,99.95,5.0,100,100
Saucony,100,Freedom 3,1,149.95,2.0,100,100
On,75,Cloud Dip,9,159.95,2.0,100,100
Hoka One One,67,Elevon 2,74,159.95,4.0,100,100
Altra Footwear,85,Escalante 2,33,116.59,4.0,88,77
Saucony,80,Ride 13,5,129.95,4.0,60,75
,0,,0,0,0.0,0,0
Mizuno,100,Wave Creation WAVEKNIT™ 2,20,179.95,4.0,100,100
Merrell,0,Momentous 2 Boa,0,128.48,0.0,0,0
Saucony,100,Freedom 3,1,149.95,2.0,100,100
Merrell,67,Zion,4,119.95,3.0,100,67
Saucony,0,Echelon 8,0,129.95,0.0,0,0
Saucony,0,Fastwitch 9,0,99.95,0.0,0,0
Reebok,0,Lite 2.0,0,49.99,0.0,0,0
Saucony,50,Hurricane 22,4,159.95,4.0,75,50
Under Armour,80,Charged Intake 4,6,79.99,4.0,80,100
CHARLY,0,Origen I,0,45.0,0.0,0,0
Mizuno,60,Wave Creation 20,49,169.9,4.0,44,88
On,75,Cloud Dip,9,159.95,2.0,100,100
Under Armour,80,Charged Pulse,6,99.95,4.0,40,60
adidas Outdoor,91,Terrex Swift R2,13,114.95,4.0,73,73
Newton Running,100,Distance S 9,1,154.95,5.0,100,100
Altra Footwear,80,Timp 2,20,139.95,3.0,63,72
Altra Footwear,80,Timp 2,20,139.95,3.0,63,72
Altra Footwear,63,Provision 4,10,129.95,3.0,100,100
Saucony,94,Kinvara 11,17,109.95,4.0,76,75
Hoka One One,88,Cavu 3,35,119.95,4.0,89,88
Altra Footwear,75,King MT 2,5,139.95,4.0,60,75
Saucony,100,Versafoam Flame,3,79.95,4.0,50,50
Under Armour,80,Charged Intake 4,6,89.95,4.0,80,100
,0,,0,0,0.0,0,0
Reebok,0,Forever Floatride Energy 2,0,100.0,0.0,0,0
Mizuno,100,Wave Horizon 4,22,159.95,4.0,100,100
ASICS Tiger,0,Gel-Nandi 360,14,119.99,4.0,0,0
Salomon,100,X Raise,11,109.95,4.0,75,100
SKECHERS,100,Go Meb Speed 6,10,104.0,3.0,100,100
inov-8,100,Terraultra™ G 270,6,160.0,5.0,100,83
La Sportiva,100,Akyra GTX,1,160.0,1.0,100,100
Saucony,75,Endorphin Pro,8,199.95,5.0,75,100
SKECHERS,100,Go Run Consistent - Traceur,7,59.95,5.0,100,100
SKECHERS,0,Go Run Consistent - Vestige,0,57.95,0.0,0,0
,0,,0,0,0.0,0,0
Vibram FiveFingers,50,V-Alpha,6,110.0,5.0,50,83
On,60,Cloud Hi,5,169.95,5.0,60,80
La Sportiva,82,Ultra Raptor,17,130.0,4.0,71,76
,0,,0,0,0.0,0,0
Reebok,0,Lite 2.0,0,55.0,0.0,0,0
Topo Athletic,0,Trailventure WP,6,160.0,3.0,0,0
Topo Athletic,0,Trailventure WP,6,160.0,3.0,0,0
Under Armour,91,Charged Bandit Trail,14,79.95,4.0,100,91
Hoka One One,0,Mafate Speed 3,0,169.95,0.0,0,0
Merrell,0,MTL Skyfire,0,99.95,0.0,0,0
Under Armour,50,Charged Impulse,3,75.0,5.0,100,100
La Sportiva,71,Akyra,7,140.0,4.0,86,86
Hoka One One,65,Akasa,101,139.95,4.0,90,90
Hoka One One,75,Challenger ATR 5,272,129.95,4.0,81,89
Mizuno,60,Wave Creation 20,49,169.9,4.0,44,88
inov-8,100,RocLite™ 275,4,145.0,4.0,75,75
ASICS,77,GEL-Contend® 6,149,49.83,4.0,83,88
ASICS,80,GT-2000 8,456,79.95,4.0,86,85
ASICS,84,GEL-Venture® 7,416,63.0,4.0,83,86
ASICS,100,GEL-Quantum® 360 6,12,149.95,4.0,100,100
ASICS,70,GT-1000 9,158,79.95,5.0,92,92
ASICS,80,GT-2000 8,456,79.95,4.0,86,85
ASICS,73,GEL-Fujitrabuco® 8,26,129.95,4.0,85,91
ASICS,80,GT-2000 8,456,79.95,4.0,86,85
ASICS,75,GEL-Excite™ 7,141,59.94,4.0,95,94
ASICS,100,Dynablast,30,109.95,5.0,100,100
ASICS,75,GEL-Nimbus® 22,568,99.95,4.0,81,84
ASICS,70,GT-1000 9,158,69.94,5.0,92,92
ASICS,100,Dynablast,30,109.95,5.0,100,100
ASICS,75,GEL-Nimbus® 22,568,99.95,4.0,81,84
ASICS,100,GEL-Quantum® 360 6,12,149.95,4.0,100,100
ASICS,84,GEL-Venture® 7,416,52.94,4.0,83,86
ASICS,70,GT-1000 9,158,69.94,5.0,92,92
ASICS,75,GEL-Nimbus® 22,568,99.95,4.0,81,84
ASICS,100,Dynablast,30,109.95,5.0,100,100
ASICS,75,GEL-Nimbus® 22,568,99.95,4.0,81,84
Saucony,0,Peregrine 11 ST,0,129.95,0.0,0,0
MBT,0,Huracan-3000,0,199.95,0.0,0,0
SKECHERS,100,Go Run Speed Elite,10,144.99,5.0,100,100
La Sportiva,100,Lycan GTX,4,140.0,5.0,75,75
The North Face,0,Oscilate,9,140.0,3.0,0,0
Helly Hansen,0,Vardapeak V2,0,90.0,0.0,0,0
Reebok,0,Forever Floatride Energy 2,0,100.0,0.0,0,0
Oboz,60,Arete Low,5,124.95,4.0,80,100
Newton Running,100,Fate 6,2,139.95,4.0,100,100
Reebok,0,Forever Floatride Energy 2,0,100.0,0.0,0,0
Topo Athletic,100,MT-3,51,110.0,4.0,75,75
Arc'teryx,100,Norvan SL,44,150.0,4.0,100,100
Saucony,100,Freedom 3,1,149.95,2.0,100,100
SKECHERS,100,Go Run Consistent - Traceur,7,59.95,5.0,100,100
The North Face,0,Ultra Endurance XF Futurelight,4,164.95,3.0,0,0
The North Face,100,Ultra Endurance XF,5,139.95,3.0,100,100
Altra Footwear,100,Duo 1.5,4,129.95,3.0,100,100
Saucony,100,Versafoam Flame,3,79.95,4.0,50,50
Saucony,100,Versafoam Flame,3,79.95,4.0,50,50
361 Degrees,0,Meraki 2,0,129.95,0.0,0,0
Under Armour,0,Charged Rogue 2.5,0,79.95,0.0,0,0
Arc'teryx,90,Norvan VT 2,28,170.0,4.0,60,90
Arc'teryx,0,Norvan LD 2,18,160.0,4.0,0,0
Saucony,100,Vendetta 3,3,64.95,5.0,100,100
Saucony,100,Havok XC2,1,84.95,4.0,100,100
Saucony,91,Versafoam Inferno,13,59.95,4.0,92,92
Saucony,100,Havok XC2,1,84.95,4.0,100,100
Salomon,0,Sonic 3 Accelerate,34,130.0,5.0,0,0
Salomon,100,Sonic 3 Balance,59,130.0,5.0,100,100
SKECHERS,100,Go Run Ride 8,65,114.95,4.0,100,100
Topo Athletic,0,Runventure 3,19,120.0,5.0,0,0
Topo Athletic,75,Phantom,71,135.0,4.0,100,100
Topo Athletic,100,Vibe,16,110.0,4.0,50,50
Topo Athletic,100,MTN Racer,54,140.0,4.0,100,100
SKECHERS,100,Go Run Razor 3,90,118.92,4.0,100,100
Topo Athletic,100,Ultrafly 3,48,130.0,4.0,67,100
Newton Running,100,Distance 9,1,154.95,5.0,100,100
Merrell,79,Nova,29,109.95,4.0,86,92
CHARLY,0,Distinct PFX,0,65.0,0.0,0,0
Topo Athletic,0,Trailventure,29,140.0,4.0,0,0
Topo Athletic,100,Zephyr,29,130.0,4.0,100,100
inov-8,100,Roadclaw 275 Knit,3,145.0,3.0,100,100
SKECHERS,100,Go Run Forza 4,2,95.55,3.0,50,50
SKECHERS,100,Go Run Forza 4,2,119.95,3.0,50,50
SKECHERS,100,Go Run Ride 8,65,115.0,4.0,100,100
Helly Hansen,0,Vardapeak V2,0,80.99,0.0,0,0
CHARLY,100,Sistolic,1,55.0,4.0,100,100
CHARLY,100,Trote,1,55.0,5.0,100,100
CHARLY,0,Distinct PFX,0,65.0,0.0,0,0
Saucony,100,Versafoam Extol,4,74.95,3.0,50,75
Topo Athletic,100,Terraventure 2,69,120.0,4.0,50,100
SKECHERS,0,Go Run Razor 3 Cloak,0,154.95,0.0,0,0
Arc'teryx,100,Norvan SL,44,150.0,4.0,100,100
Altra Footwear,63,Provision 4,10,129.95,3.0,100,100
Vivobarefoot,0,Hydra Mid SWR Mesh,0,220.0,0.0,0,0
Saucony,100,Freedom 3,1,149.95,2.0,100,100
Hoka One One,50,Mach 3,14,139.95,4.0,100,100
Hoka One One,50,Mach 3,14,139.95,4.0,100,100
SKECHERS,56,Go Run Pulse,23,70.0,4.0,100,78
Topo Athletic,0,Fli-Lyte 3,41,110.0,4.0,0,0
La Sportiva,67,Lycan II,3,120.0,4.0,67,67
Saucony,100,Vendetta 3,3,64.95,5.0,100,100
Salomon,100,XA Wild,14,130.0,4.0,100,100
Merrell,67,Zion,4,119.95,3.0,100,67
Merrell,67,Zion,4,119.95,3.0,100,67
CHARLY,0,PFX Push,0,60.0,0.0,0,0
CHARLY,0,PFX Push,0,60.0,0.0,0,0
Arc'teryx,0,Norvan LD 2,18,160.0,4.0,0,0
Salomon,100,Sonic 3 Confidence,19,130.0,4.0,100,100
Under Armour,91,Charged Bandit Trail,14,79.95,4.0,100,91
SKECHERS,50,Go Run Razor 3+,4,134.75,4.0,100,100
inov-8,88,Trailtalon 235,8,140.0,5.0,75,100
CHARLY,100,Sistolic,1,55.0,4.0,100,100
CHARLY,100,Trote,1,55.0,5.0,100,100
Mizuno,60,Wave Creation 20,49,169.9,4.0,44,88
SKECHERS,0,Go Run 7+,12,99.36,4.0,0,0
Reebok,0,Forever Floatride Energy 2,0,100.0,0.0,0,0
CHARLY,0,Origen I,0,45.0,0.0,0,0
Oboz,60,Arete Low,5,124.95,4.0,80,100
adidas Running,63,Ultraboost 20,40,179.95,4.0,79,90
adidas Running,90,Duramo SL,24,60.32,4.0,83,86
adidas Running,0,Ultraboost Cold.RDY,0,189.95,0.0,0,0
adidas Running,0,Fluidflow 2.0,0,79.95,0.0,0,0
adidas Running,67,Lite Racer Adapt 3.0,19,64.95,5.0,87,100
adidas Running,76,Energyfalcon,26,69.95,4.0,62,79
adidas Running,100,Alphatorsion Boost,2,98.95,5.0,100,100
adidas Running,63,Ultraboost 20,40,159.95,4.0,79,90
adidas Running,63,Ultraboost 20,40,120.0,4.0,79,90
adidas Running,100,Ultraboost S.RDY,1,139.95,5.0,100,100
adidas Running,100,Rockadia Trail 3.0,8,64.95,3.0,50,57
adidas Running,63,Ultraboost 20,40,179.95,4.0,79,90
adidas Running,100,Alphatorsion Boost,2,98.95,5.0,100,100
adidas Running,100,Rockadia Trail 3.0,8,59.95,3.0,50,57
adidas Running,100,Lite Racer RBN 2.0,5,46.97,4.0,80,80
adidas Running,90,Duramo SL,24,64.95,4.0,83,86
adidas Running,63,Ultraboost 20,40,179.95,4.0,79,90
adidas Running,63,Ultraboost 20,40,179.95,4.0,79,90
adidas Running,63,Ultraboost 20,40,159.95,4.0,79,90
adidas Running,63,Ultraboost 20,40,120.0,4.0,79,90
adidas Running,63,Ultraboost 20,40,120.0,4.0,79,90
adidas Running,63,Ultraboost 20,40,179.95,4.0,79,90
adidas Running,63,Ultraboost 20,40,179.95,4.0,79,90
adidas Running,62,UltraBOOST,78,179.95,5.0,69,93
Nike,81,Run All Day 2,27,69.95,4.0,78,92
Nike,80,Quest 2 SE,5,75.0,4.0,100,100
Nike,86,Downshifter 10,33,59.95,4.0,85,93
Nike,81,Run All Day 2,27,53.97,4.0,78,92
Nike,86,Renew Run,47,66.97,4.0,74,82
Nike,0,Flex Experience Run 9 SE,1,64.95,4.0,0,0
Nike,0,Renew Ride SE,0,74.95,0.0,0,0
Nike,81,Air Zoom Pegasus 37,59,119.95,4.0,83,84
Nike,68,Zoom Winflo 7,21,60.23,4.0,71,94
Nike,86,Renew Run,47,67.5,4.0,74,82
Nike,71,Revolution 5,130,64.95,4.0,87,90
Nike,67,Air Zoom Structure 22,3,119.95,2.0,100,67
Nike,0,Flex Experience RN 9,0,64.99,0.0,0,0
Nike,83,Free RN 5.0 2020,6,79.99,4.0,83,100
Nike,67,FlyEase Air Zoom Pegasus 37,3,120.0,3.0,33,67
Nike,100,Legend React 3,1,99.95,3.0,100,100
Nike,100,Zoom Gravity 2,1,90.0,5.0,100,100
Nike,88,React Miler,8,130.0,4.0,88,86
Nike,84,Flyease Revolution 5,38,65.0,5.0,84,97
Nike,83,Free RN 5.0 2020,6,66.8,4.0,83,100
Nike,67,Air Zoom Structure 22,3,69.97,2.0,100,67
Nike,88,React Miler,8,106.97,4.0,88,86
Nike,86,Downshifter 10,33,59.95,4.0,85,93
Nike,88,React Miler,8,80.97,4.0,88,86
Nike,71,Air Zoom Vomero 14,21,105.0,4.0,81,85
Nike,68,Zoom Winflo 7,21,69.97,4.0,71,94
Nike,81,Air Zoom Pegasus 37,59,120.0,4.0,83,84
Nike,0,Quest 3 Shield,0,84.95,0.0,0,0
Nike,100,React Infinity Run FK,3,112.42,5.0,67,100
Nike,100,Pegasus Trail 2,3,129.95,4.0,100,67
Nike,68,Zoom Gravity,21,79.97,3.0,33,72
Nike,81,Air Zoom Pegasus 37,59,120.0,4.0,83,84
Nike,75,Renew Ride,9,75.0,4.0,100,88
Nike,0,Revolution 5 SE,0,49.97,0.0,0,0
Nike,86,Downshifter 10,33,59.95,4.0,85,93
Nike,86,Renew Run,47,59.97,4.0,74,82
Nike,78,Joyride Dual Run,9,89.97,5.0,78,88
Nike,0,Revolution 5 EXT,0,64.95,0.0,0,0
Nike,75,Renew Ride,9,58.95,4.0,100,88
Nike,83,Free RN 5.0 2020,6,68.97,4.0,83,100
Nike,86,Renew Run,47,79.97,4.0,74,82
Nike,100,Downshifter 10 SE,1,59.95,5.0,100,100
Nike,68,Zoom Winflo 7,21,90.0,4.0,71,94
Nike,68,Zoom Winflo 7,21,85.97,4.0,71,94
Nike,75,Renew Ride,9,67.5,4.0,100,88
Nike,0,Air Zoom Pegasus 37 Shield,0,129.95,0.0,0,0
Nike,78,Air Zoom Terra Kiger 6,9,129.95,4.0,44,100
Nike,81,Air Zoom Pegasus 37,59,119.95,4.0,83,84
Nike,81,Air Zoom Pegasus 37,59,120.0,4.0,83,84
Nike,0,Quest 3 Shield,0,84.95,0.0,0,0
Nike,84,Flyease Revolution 5,38,65.0,5.0,84,97
Nike,0,Pegasus Trail 2 GORE-TEX®,0,159.95,0.0,0,0
Nike,80,Flex Experience Run 9,93,58.97,4.0,79,74
Nike,80,Flex Experience Run 9,93,58.97,4.0,79,74
Nike,81,Air Zoom Pegasus 37,59,119.95,4.0,83,84
Nike,68,Zoom Winflo 7,21,89.99,4.0,71,94
Nike,86,Downshifter 10,33,59.95,4.0,85,93
Nike,80,Flex Experience Run 9,93,51.97,4.0,79,74
Nike,86,Renew Run,47,48.97,4.0,74,82
Nike,80,Quest 3,5,74.95,5.0,100,100
Nike,79,Free RN 5.0,67,100.0,4.0,56,91
Nike,71,Revolution 5,130,64.95,4.0,87,90
Nike,50,Flex Experience RN 9 Premium,4,64.95,4.0,75,50
Nike,75,Renew Ride,9,56.25,4.0,100,88
Nike,0,Pegasus Trail 2 GORE-TEX®,0,159.95,0.0,0,0
Nike,86,Renew Run,47,44.97,4.0,74,82
Nike,86,Downshifter 10,33,54.95,4.0,85,93
Nike,71,Revolution 5,130,64.95,4.0,87,90
ASICS,75,GEL-DS Trainer™ 25,45,89.95,4.0,75,100
ASICS,59,Novablast,157,129.95,4.0,94,94
ASICS,84,GEL-Venture® 7,416,55.94,4.0,83,86
ASICS,80,GT-2000 8,456,89.95,4.0,86,85
ASICS,75,GEL-Nimbus® 22,568,99.95,4.0,81,84
ASICS,59,Novablast,157,129.95,4.0,94,94
ASICS,80,GT-2000 8,456,89.95,4.0,86,85
Altra Footwear,100,Paradigm 5,3,149.95,5.0,100,100
SKECHERS,100,Max Cushioning Elite - Lucid,120,79.95,5.0,75,75
Salomon,67,XA Pro 3D V8 GTX,71,150.0,4.0,80,56
On,69,Cloudswift,109,149.95,4.0,85,89
On,60,Cloud Hi,5,169.95,5.0,60,80
On,71,Cloud 70 | 30,21,129.95,5.0,71,84
adidas Outdoor,85,Terrex Swift R2 GTX,89,139.95,4.0,93,96
Saucony,100,Endorphin Speed,5,159.95,4.0,100,100
Under Armour,100,Charged Pursuit 2 Twist,3,69.95,5.0,67,100
Merrell,100,Zion FST,1,99.95,5.0,100,100
Altra Footwear,84,Lone Peak 4 Mid Mesh,33,99.95,5.0,79,93
Topo Athletic,0,Ultraventure Pro,1,145.0,5.0,0,0
Under Armour,67,Charged Bandit 6,5,89.95,5.0,100,100
On,78,Cloud X,114,139.94,4.0,77,87
Hoka One One,72,Rincon,388,94.95,4.0,90,93
SKECHERS,87,Go Run Consistent,117,45.71,5.0,92,89
Under Armour,74,UA Charged Assert 8,50,59.95,5.0,79,93
Altra Footwear,86,Lone Peak 4.5,51,89.95,4.0,71,90
Saucony,100,Endorphin Speed,5,159.95,4.0,100,100
Hoka One One,71,Bondi 6,0,119.95,0.0,83,88
Under Armour,60,Surge 2,16,49.99,4.0,87,93
Hoka One One,75,Challenger ATR 5,272,97.46,4.0,81,89
Under Armour,74,UA Charged Assert 8,50,52.5,5.0,79,93
On,78,Cloud 2.0,297,129.95,4.0,82,93
New Balance,0,Sigma Harmony,0,122.73,0.0,0,0
New Balance,0,517v2,0,64.99,0.0,0,0
New Balance,0,517v2,0,64.99,0.0,0,0
New Balance,83,T481v3,6,71.95,4.0,67,67
New Balance,71,Minimus T10v1,279,114.95,4.0,88,100
New Balance,79,MT481v3,44,77.95,4.0,55,80
New Balance,80,680v6,140,74.95,4.0,81,77
New Balance,73,Fresh Foam Hierro v5,56,100.06,4.0,96,91
New Balance,81,Fresh Foam Tempo,93,64.99,4.0,81,85
New Balance,74,Made in US 990v5,0,174.99,0.0,87,90
Brooks,0,Ricochet 3,0,119.95,0.0,0,0
Brooks,85,Ghost 13,265,129.95,4.0,80,86
Brooks,63,Adrenaline GTS 21,45,129.95,4.0,69,100
Brooks,100,Hyperion Elite,27,212.5,5.0,100,100
Brooks,85,Ghost 13,265,129.95,4.0,80,86
Brooks,85,Launch 7,134,74.95,4.0,80,85
Brooks,90,PureFlow 7,229,89.95,4.0,83,83
Brooks,85,Launch 7,134,74.95,4.0,80,85
Brooks,84,Revel 4,98,99.95,4.0,88,96
Brooks,85,Launch 7,134,74.95,4.0,80,85
Brooks,90,PureFlow 7,229,89.95,4.0,83,83
Brooks,76,Anthem 3,59,69.95,4.0,88,88
adidas Running,100,Ultraboost DNA,1,179.95,5.0,100,100
adidas Running,100,Solar Glide,11,139.95,4.0,64,100
adidas Running,67,Lite Racer Adapt 3.0,19,64.95,5.0,87,100
adidas Running,90,Duramo SL,24,64.95,4.0,83,86
adidas Running,0,Fluidflow 2.0,0,79.95,0.0,0,0
adidas Running,0,Adizero Avanti Spikes,0,109.95,0.0,0,0
adidas Running,0,Sprintstar,0,64.95,0.0,0,0
adidas Running,100,Response Trail,8,53.47,3.0,75,86
adidas Running,0,Adizero Prime Sport,0,179.95,0.0,0,0
adidas Running,90,Duramo SL,24,64.95,4.0,83,86
adidas Running,0,adiZero Finesse,0,109.95,0.0,0,0
adidas Running,100,Ultraboost DNA,1,179.95,5.0,100,100
adidas Running,0,Strutter,0,47.92,0.0,0,0
adidas Running,0,Strutter,0,64.95,0.0,0,0
adidas Running,90,Duramo SL,24,64.95,4.0,83,86
adidas Running,100,Ultraboost DNA,1,179.95,5.0,100,100
adidas Running,0,X9000L2,0,99.95,0.0,0,0
adidas Running,0,Ultraboost Cold.RDY,0,189.95,0.0,0,0
adidas Running,90,Duramo SL,24,64.95,4.0,83,86
adidas Running,63,Ultraboost 20,40,129.98,4.0,79,90
adidas Running,100,Ultraboost 20 Primeblue,3,120.0,4.0,67,100
adidas Running,100,Response SR,5,74.95,4.0,60,100
adidas Running,67,Lite Racer Adapt 3.0,19,64.95,5.0,87,100
adidas Running,100,Lite Racer RBN 2.0,5,69.95,4.0,80,80
adidas Running,0,Ultraboost DNA X Disney,0,159.95,0.0,0,0
adidas Running,100,Ultraboost DNA,1,179.95,5.0,100,100
adidas Running,0,SL20 Ready,0,78.05,0.0,0,0
adidas Running,63,Ultraboost 20,40,179.95,4.0,79,90
adidas Running,63,Ultraboost 20,40,179.95,4.0,79,90
adidas Running,0,Ultraboost Cold.RDY DNA,0,189.95,0.0,0,0
adidas Running,63,Ultraboost 20,40,179.95,4.0,79,90
adidas Running,100,Supernova,3,74.32,5.0,100,100
adidas Running,0,Ultraboost Cold.RDY,0,189.95,0.0,0,0
adidas Running,0,Ultraboost Cold.RDY,0,189.95,0.0,0,0
adidas Running,63,Ultraboost 20,40,120.0,4.0,79,90
adidas Running,100,Ultraboost S.RDY,1,179.95,4.0,100,100
adidas Running,100,Response SR,5,74.95,4.0,60,100
adidas Running,76,Energyfalcon,26,69.95,4.0,62,79
adidas Running,0,Ultraboost 20 DNA,0,179.95,0.0,0,0
adidas Running,100,Alphatorsion Boost,2,139.99,5.0,100,100
adidas Running,100,X9000L3,1,85.27,5.0,100,100
adidas Running,63,Ultraboost 20,40,120.0,4.0,79,90
adidas Running,80,Astrarun,5,80.85,4.0,100,100
adidas Running,62,UltraBOOST,78,179.95,5.0,69,93
adidas Running,100,Supernova,3,99.95,5.0,100,100
adidas Running,100,X9000L3,1,81.93,5.0,100,100
adidas Running,0,Ultraboost Cold.RDY,0,189.95,0.0,0,0
adidas Running,100,Ultraboost S.RDY,1,162.99,5.0,100,100
adidas Running,63,Ultraboost 20,40,144.95,4.0,79,90
adidas Running,63,Ultraboost 20,40,179.95,4.0,79,90
adidas Running,63,Ultraboost 20,40,179.95,4.0,79,90
adidas Running,100,SL20,3,77.33,5.0,67,100
adidas Running,100,Supernova,3,99.95,5.0,100,100
Mizuno,92,Wave Inspire 16,93,99.95,5.0,77,92
Salomon,50,Supercross Blast GTX®,5,130.0,5.0,100,100
adidas Outdoor,50,Terrex Speed LD,2,119.95,5.0,100,50
Hoka One One,67,Gaviota Leather,78,159.95,4.0,60,50
Hoka One One,100,Evo Mafate,44,127.73,4.0,100,60
Arc'teryx,100,Norvan SL GTX,24,185.0,4.0,100,50
SKECHERS,100,Go Run Razor 3,90,120.0,4.0,100,100
Topo Athletic,100,Ultrafly 3,48,130.0,4.0,67,100
Saucony,100,Peregrine 8 ICE+,2,149.95,4.0,100,100
Under Armour,67,Charged Bandit 6,5,89.95,5.0,100,100
Under Armour,0,Charged Toccoa 3,0,70.0,0.0,0,0
Hoka One One,88,Cavu 3,35,119.95,4.0,89,88
Hoka One One,69,Speedgoat 4,251,144.95,4.0,85,81
Topo Athletic,100,Magnifly 3,68,120.0,4.0,86,86
ASICS Tiger,100,Novablast SPS,19,129.95,4.0,100,100
SKECHERS,100,Go Run Ride 8,65,95.96,4.0,100,100
Hoka One One,88,Cavu 3,35,119.95,4.0,89,88
,0,,0,0,0.0,0,0
Saucony,100,Versafoam Extol,4,74.95,3.0,50,75
Saucony,100,Type A9,2,99.95,4.0,100,50
The North Face,0,Ultra Traction,2,130.0,4.0,0,0
Merrell,100,Agility Synthesis 2,2,109.95,5.0,100,100
Altra Footwear,90,Lone Peak 4 Low RSM,31,111.09,4.0,71,77
Scarpa,100,Spin,1,60.73,5.0,100,100
Hoka One One,76,Stinson ATR 5,136,159.95,4.0,86,81
Mizuno,100,Wave Shadow 3,15,87.99,4.0,100,100
Arc'teryx,90,Norvan VT 2,28,170.0,4.0,60,90
Salomon,73,Supercross GTX,81,129.95,4.0,58,64
Saucony,57,Switchback ISO,8,139.95,3.0,50,50
Altra Footwear,75,Olympus 4,12,169.95,5.0,58,82
Saucony,91,Versafoam Inferno,13,59.95,4.0,92,92
Saucony,91,Versafoam Inferno,13,59.95,4.0,92,92
On,88,Cloud Waterproof,55,149.95,4.0,75,87
Saucony,75,Mad River TR,4,109.95,5.0,100,100
Salomon,73,Supercross GTX,81,129.95,4.0,58,64
Hoka One One,67,Gaviota Leather,78,159.95,4.0,60,50
Arc'teryx,100,Norvan SL,44,150.0,4.0,100,100
Saucony,76,Xodus ISO³,17,149.95,5.0,94,94
SKECHERS,100,Equalizer 4.0 Trail,76,43.44,5.0,100,100
ASICS Tiger,79,Tiger Runner,37,49.95,4.0,83,60
Topo Athletic,50,ST-3,55,100.0,4.0,100,100
Topo Athletic,100,Mountain Racer,44,140.0,4.0,100,100
MBT,0,Z 3000,0,184.95,0.0,0,0
Under Armour,0,HOVR Velociti 3,0,119.95,0.0,0,0
Under Armour,60,Surge 2,16,59.95,4.0,87,93
Under Armour,69,Charged Rogue 2,13,79.95,4.0,62,83
Arc'teryx,90,Norvan VT 2,28,170.0,4.0,60,90
inov-8,67,TrailTalon 275,4,91.44,4.0,50,100
Salomon,100,X Raise,11,110.0,4.0,75,100
adidas Outdoor,91,Terrex Swift R2,13,114.95,4.0,73,73
SKECHERS,0,Max Cushioning Premier - Vantage,424,89.95,5.0,0,0
SKECHERS,100,Max Cushioning Elite - Lucid,120,89.0,5.0,75,75
SKECHERS,87,Go Run Consistent,117,54.95,5.0,92,89
On,52,Cloudstratus,28,169.95,4.0,85,88
Hoka One One,67,Bondi LTR,239,159.95,4.0,79,89
Merrell,79,Nova,29,109.95,4.0,86,92
Hoka One One,76,Stinson ATR 5,136,159.95,4.0,86,81
SKECHERS,0,Go Run 7+,12,89.38,4.0,0,0
Saucony,86,Versafoam Cohesion 13,16,59.95,4.0,80,87
Vibram FiveFingers,67,V-Trek,8,120.0,4.0,75,67
Vibram FiveFingers,50,V-Alpha,6,110.0,5.0,50,83
On,83,Cloudflyer Waterproof,6,179.95,4.0,83,83
Altra Footwear,90,Lone Peak 4 Low RSM,31,109.95,4.0,71,77
The North Face,69,Ultra 109 GTX,278,119.95,4.0,89,90
Merrell,79,Nova,29,109.95,4.0,86,92
adidas Outdoor,85,Terrex Swift R2 GTX,89,139.95,4.0,93,96
Altra Footwear,76,Torin 4.5 Plush,18,139.95,4.0,72,89
Under Armour,67,Charged Bandit 6,5,89.95,5.0,100,100
Merrell,75,Forestbound Waterproof,4,119.95,4.0,75,75
Under Armour,74,UA Charged Assert 8,50,65.0,5.0,79,93
On,77,Cloudventure,33,149.95,4.0,82,94
Salomon,67,XA Pro 3D V8 GTX,71,149.95,4.0,80,56
Salomon,0,Odyssey,4,112.99,4.0,0,0
Merrell,67,Rubato,3,139.95,5.0,100,100
Salomon,76,Speedcross 5,419,130.0,5.0,78,78
,0,,0,0,0.0,0,0
Salomon,67,XA Pro 3D V8 GTX,71,150.0,4.0,80,56
Salomon,50,Supercross Blast GTX®,5,130.0,5.0,100,100
Hoka One One,100,Speedgoat Mid 2 GTX,54,169.95,4.0,50,71
On,78,Cloud 2.0,297,129.94,4.0,82,93
Hoka One One,82,Gaviota 2,793,149.95,4.0,76,80
Altra Footwear,75,King MT 2,5,139.95,4.0,60,75
Vibram FiveFingers,56,V-Run,21,130.0,4.0,71,95
adidas Outdoor,85,Terrex Swift R2 GTX,89,139.95,4.0,93,96
Salomon,100,Spikecross 5 GTX®,18,184.95,4.0,100,100
ASICS Tiger,0,GEL-1090,5,79.95,5.0,0,0
Merrell,75,Forestbound Waterproof,4,119.95,4.0,75,75
Merrell,67,Rubato,3,139.95,5.0,100,100
Salomon,76,Speedcross 5,419,130.0,5.0,78,78
Topo Athletic,0,Rekovr 2,5,115.0,5.0,0,0
Altra Footwear,92,Lone Peak 4 Mid RSM,27,129.95,4.0,67,84
The North Face,85,Ultra 110 GTX,226,119.95,4.0,85,82
SKECHERS,100,Max Cushioning Elite - Lucid,120,69.95,5.0,75,75
Altra Footwear,80,Escalante Racer,36,139.95,5.0,75,94
On,50,Cloud Hi Waterproof,2,199.94,5.0,100,100
Under Armour,58,HOVR Sonic 3,12,84.99,5.0,75,91
Salomon,0,Snowspike CSWP,15,215.0,5.0,0,0
adidas Outdoor,100,Terrex Agravic Flow,3,90.95,3.0,50,100
Salomon,61,X-Mission 3,58,114.95,4.0,70,85
SKECHERS,0,Go Run Focus,32,41.28,5.0,0,0
SKECHERS,100,Pure,40,55.64,5.0,100,100
Hoka One One,75,Challenger ATR 5,272,129.95,4.0,81,89
Hoka One One,85,Hupana Flow,69,114.95,4.0,62,67
The North Face,67,Trail Escape Peak,12,99.95,4.0,100,100
Altra Footwear,85,Grafton,13,130.0,3.0,77,75
On,69,Cloudace,13,199.95,4.0,85,92
Vibram FiveFingers,40,V-Trail 2.0,13,120.0,4.0,62,91
Topo Athletic,0,Fli-Lyte 3,41,110.0,4.0,0,0
Mizuno,60,Wave Creation 20,49,169.9,4.0,44,88
Mizuno,75,Wave Prophecy 8,108,199.95,4.0,100,100
Saucony,75,Havok XC2 Flat,6,74.95,4.0,50,80
Newton Running,100,Motion 9,2,139.95,3.0,100,50
SKECHERS,100,Go Run Speed Trail,11,91.65,4.0,100,100
Saucony,0,Vendetta 2,0,64.95,0.0,0,0
Arc'teryx,90,Norvan VT 2,28,170.0,4.0,60,90
Salomon,100,XA Wild,14,130.0,4.0,100,100
SKECHERS,0,Go Run Fast - Arco - 55105,2,44.97,5.0,0,0
361 Degrees,0,Sensation 4,0,134.95,0.0,0,0
Under Armour,60,Surge 2,16,59.95,4.0,87,93
Under Armour,100,Charged Escape 3 Evo,9,89.95,5.0,100,100
Saucony,100,Freedom 3,1,149.95,2.0,100,100
SKECHERS,0,Go Run Horizon - Vanish,5,100.0,3.0,0,0
Arc'teryx,0,Norvan LD 2 GTX,10,195.0,4.0,0,0
adidas Outdoor,83,Terrex Swift R2 Mid GTX®,6,169.95,3.0,83,83
Saucony,83,Versafoam Flare,6,69.95,4.0,100,100
Saucony,83,Versafoam Flare,6,69.95,4.0,100,100
SKECHERS,0,Max Cushioning Premier - Vantage,424,89.95,5.0,0,0
Vibram FiveFingers,67,V-Trek,8,119.95,4.0,75,67
Vibram FiveFingers,65,KSO EVO,65,99.47,4.0,72,97
The North Face,50,Trail Escape Edge,12,109.95,3.0,100,50
Saucony,57,Switchback ISO,8,139.95,3.0,50,50
Reebok,100,Trail Cruiser,1,64.01,1.0,100,100
The North Face,100,Surge Highgate,27,89.95,5.0,83,100
The North Face,100,Corvara,19,119.95,5.0,100,100
Saucony,75,Havok XC2 Flat,6,74.95,4.0,50,80
Saucony,75,Havok XC2 Flat,6,74.95,4.0,50,80
Arc'teryx,100,Norvan VT 2 GTX,3,205.0,5.0,100,100
Arc'teryx,0,Norvan LD 2 GTX,10,195.0,4.0,0,0
Arc'teryx,0,Norvan LD 2,18,160.0,4.0,0,0
Saucony,86,Versafoam Cohesion 13,16,54.95,4.0,80,87
Spira,0,Scorpius II,0,99.95,0.0,0,0
Spira,0,Phoenix,0,99.95,0.0,0,0
Topo Athletic,100,Vibe,16,110.0,4.0,50,50
Topo Athletic,100,Ultrafly 3,48,130.0,4.0,67,100
SKECHERS,100,Equalizer 4.0 Trail,76,70.0,5.0,100,100
Under Armour,0,Charged Bandit 6 Camo,0,89.95,0.0,0,0
On,88,Cloudrush,8,129.95,5.0,80,100
Hoka One One,82,Gaviota 2,793,149.95,4.0,76,80
Hoka One One,50,Mach 3,14,139.95,4.0,100,100
SKECHERS,100,Go Run Steady,14,65.0,5.0,86,100
SKECHERS,100,Go Run Ride 8,65,98.9,4.0,100,100
ASICS Tiger,0,GEL-1090,5,95.0,5.0,0,0
Topo Athletic,0,Trailventure,29,140.0,4.0,0,0
Topo Athletic,67,Ultraventure,92,130.0,4.0,100,100
Topo Athletic,100,Zephyr,29,130.0,4.0,100,100
Hoka One One,76,Stinson ATR 5,136,159.95,4.0,86,81
The North Face,80,Ultra 109 Waterproof,15,119.95,4.0,100,100
Helly Hansen,0,Vardapeak V2,0,90.0,0.0,0,0
On,78,Cloud 2.0,297,129.94,4.0,82,93
Under Armour,100,Charged Escape 3 Evo,9,89.95,5.0,100,100
Hoka One One,88,Cavu 3,35,119.95,4.0,89,88
,0,,0,0,0.0,0,0
Merrell,89,Bare Access XTR,18,99.95,4.0,72,83
Saucony,0,Versafoam Shift,0,69.95,0.0,0,0
Saucony,100,Omni ISO 2,1,129.95,4.0,100,100
The North Face,0,Ultra Swift,3,119.95,5.0,0,0
Saucony,0,Versafoam Shift,0,69.95,0.0,0,0
Saucony,100,Versafoam Extol,4,74.95,3.0,50,75
Topo Athletic,100,Terraventure 2,69,120.0,4.0,50,100
SKECHERS,0,Go Run Consistent - Vestige,0,57.95,0.0,0,0
Vivobarefoot,100,Primus Trail Soft Ground,2,159.95,4.0,50,50
Salomon,67,S-Lab Speed 2,370,179.95,4.0,67,67
On,69,Cloudswift,109,149.95,4.0,85,89
Hoka One One,68,Arahi 4,170,129.95,4.0,83,88
Altra Footwear,50,Vanish XC,2,79.95,5.0,100,100
On,77,Cloudventure,33,149.95,4.0,82,94
Under Armour,74,UA Charged Assert 8,50,69.95,5.0,79,93
Vibram FiveFingers,40,V-Trail 2.0,13,120.0,4.0,62,91
Mizuno,92,Wave Inspire 16,93,99.95,5.0,77,92
Merrell,100,Zion FST,1,99.95,5.0,100,100
Under Armour,60,Surge 2,16,59.95,4.0,87,93
SKECHERS,56,Go Run Pulse,23,50.42,4.0,100,78
SKECHERS,56,Go Run Pulse,23,55.99,4.0,100,78
Salomon,67,Supercross,109,99.99,4.0,71,67
Salomon,70,Ultra Pro,220,104.93,4.0,80,89
Salomon,100,Sense Pro 4,88,139.95,4.0,50,50
Salomon,50,Sense Ride 3 GTX Invisible Fit,24,159.95,4.0,67,50
Salomon,78,Sense Ride 3,176,119.95,5.0,90,78
Salomon,78,Sense Ride 3,176,119.95,5.0,90,78
SKECHERS,50,Max Cushion - 54450,429,75.0,4.0,75,75
ECCO Sport,0,BIOM C Trail Runner,0,109.21,0.0,0,0
SKECHERS,100,Go Run Razor 3 - Boston 2020,1,92.47,1.0,100,100
Altra Footwear,75,Olympus 4,12,169.95,5.0,58,82
Saucony,91,Versafoam Inferno,13,59.95,4.0,92,92
Saucony,83,Versafoam Flare,6,69.95,4.0,100,100
Saucony,68,Echelon 7,26,129.95,3.0,88,79
Saucony,68,Echelon 7,26,129.95,3.0,88,79
SKECHERS,0,Max Cushioning Premier - Vantage,424,89.95,5.0,0,0
Scott,0,Palani,0,139.95,0.0,0,0
PUMA,80,ST Runner V2 NL,5,40.99,4.0,100,100
Under Armour,63,Surge SE 4E,8,47.52,5.0,88,88
Under Armour,65,UA Hovr Sonic 2,18,64.14,4.0,78,94
Hoka One One,82,Gaviota 2,793,149.95,4.0,76,80
SKECHERS,100,Max Road 4,55,80.65,4.0,100,100
Topo Athletic,100,Magnifly 3,68,120.0,4.0,86,86
inov-8,67,Roadclaw 275 V2,4,125.0,5.0,50,100
The North Face,67,Trail Escape Peak,12,70.91,4.0,100,100
On,69,Cloudswift,109,149.95,4.0,85,89
SKECHERS,100,Go Run Razor 3,90,104.99,4.0,100,100
On,69,Cloudace,13,199.95,4.0,85,92
Under Armour,80,Charged Pursuit 2,28,69.95,4.0,89,100
Saucony,57,Switchback ISO,8,139.95,3.0,50,50
adidas Outdoor,67,Terrex Agravic TR,3,79.95,4.0,67,67
Saucony,86,Ride ISO 2,14,119.95,4.0,86,100
The North Face,0,Ultra Traction,2,129.95,4.0,0,0
Arc'teryx,100,Norvan SL GTX,24,185.0,4.0,100,50
Vivobarefoot,0,Primus Lite 2.0,0,139.95,0.0,0,0
Vivobarefoot,0,Primus Trail Fg,0,159.95,0.0,0,0
Newton Running,100,Gravity 9,1,139.95,5.0,100,100
Altra Footwear,68,Vanish-R,27,99.95,3.0,41,52
Vibram FiveFingers,75,V-Train 2.0,5,120.0,5.0,80,100
ASICS,59,Novablast,157,129.95,4.0,94,94
ASICS,75,GEL-DS Trainer™ 25,45,89.95,4.0,75,100
ASICS,72,GEL-Cumulus® 22,179,119.95,4.0,84,76
ASICS,72,GEL-Cumulus® 22,179,119.95,4.0,84,76
ASICS,100,Roadblast,25,89.95,4.0,100,100
ASICS,75,GEL-Excite™ 7,141,59.88,4.0,95,94
ASICS,66,GEL-Kayano® 27,387,159.95,4.0,83,92
ASICS,76,GEL-Quantum® 90 2,20,67.94,4.0,82,82
ASICS,91,GEL-Quantum® 180 5,26,119.95,4.0,64,82
ASICS,100,Roadblast,25,76.16,4.0,100,100
ASICS,75,GEL-Nimbus® 22,568,99.95,4.0,81,84
ASICS,66,GEL-Kayano® 27,387,159.95,4.0,83,92
ASICS,75,GEL-Pulse® 12,24,89.94,4.0,88,88
ASICS,75,GEL-Pulse® 12,24,82.95,4.0,88,88
ASICS,67,GEL-Scram® 6,12,67.99,4.0,83,80
ASICS,75,GEL-DS Trainer™ 25,45,99.83,4.0,75,100
ASICS,90,GEL-Contend® 5 Walker,45,58.5,4.0,61,76
ASICS,100,Roadblast,25,67.5,4.0,100,100
ASICS,80,GT-4000 2,5,129.95,3.0,60,75
ASICS,72,GEL-Cumulus® 22,179,119.95,4.0,84,76
ASICS,67,GEL-Scram® 6,12,59.94,4.0,83,80
ASICS,75,GEL-Pulse® 12,24,72.99,4.0,88,88
ASICS,84,GEL-Sonoma® 5,37,69.95,3.0,69,68
ASICS,75,GT-2000 9,39,119.95,4.0,67,75
ASICS,75,GEL-Excite™ 7,141,59.94,4.0,95,94
ASICS,67,GEL-Scram® 6,12,52.99,4.0,83,80
ASICS,75,GEL-Nimbus® 22,568,99.95,4.0,81,84
ASICS,75,GT-2000 9,39,119.95,4.0,67,75
ASICS,84,GEL-Venture® 7,416,55.94,4.0,83,86
ASICS,100,Dynablast,30,109.95,5.0,100,100
ASICS,77,GEL-Contend® 6,149,49.21,4.0,83,88
ASICS,75,GEL-Pulse® 12,24,68.72,4.0,88,88
ASICS,66,GEL-Kayano® 27,387,159.95,4.0,83,92
ASICS,77,GEL-Contend® 6,149,54.95,4.0,83,88
ASICS,70,GT-1000 9,158,79.95,5.0,92,92
ASICS,75,GEL-Nimbus® 22,568,99.95,4.0,81,84
ASICS,84,GEL-Venture® 7,416,59.95,4.0,83,86
ASICS,75,GT-2000 9,39,119.95,4.0,67,75
ASICS,76,GEL-Quantum® 90 2,20,59.0,4.0,82,82
ASICS,66,GEL-Kayano® 27,387,159.95,4.0,83,92
ASICS,75,GEL-Excite™ 7,141,62.95,4.0,95,94
ASICS,75,GT-2000 9,39,119.95,4.0,67,75
ASICS,72,GEL-Cumulus® 22,179,119.95,4.0,84,76
ASICS,66,GEL-Kayano® 27,387,159.95,4.0,83,92
ASICS,72,GEL-Cumulus® 22,179,119.95,4.0,84,76
ASICS,72,GEL-Cumulus® 22,179,119.95,4.0,84,76
ASICS,75,GEL-Nimbus® 22,568,99.95,4.0,81,84
ASICS,84,GEL-Venture® 7,416,59.95,4.0,83,86
ASICS,75,GEL-Nimbus® 22,568,99.95,4.0,81,84
ASICS,72,GEL-Cumulus® 22,179,119.95,4.0,84,76
ASICS,80,GT-2000 8,456,89.95,4.0,86,85
ASICS,75,GEL-Nimbus® 22,568,99.95,4.0,81,84
ASICS,75,GEL-Excite™ 7,141,59.95,4.0,95,94
ASICS,84,GEL-Venture® 7,416,60.0,4.0,83,86
ASICS,75,GEL-Excite™ 7,141,54.95,4.0,95,94
ASICS,70,GT-1000 9,158,79.95,5.0,92,92
ASICS,66,GEL-Kayano® 27,387,159.95,4.0,83,92
ASICS,66,GEL-Kayano® 27,387,159.95,4.0,83,92
ASICS,90,GEL-Contend® 5 Walker,45,59.94,4.0,61,76
ASICS,70,GT-1000 9,158,79.95,5.0,92,92
ASICS,75,GT-2000 9,39,119.95,4.0,67,75
ASICS,80,GT-2000 8,456,79.97,4.0,86,85
ASICS,70,GT-1000 9,158,79.95,5.0,92,92
ASICS,72,GEL-Cumulus® 22,179,119.95,4.0,84,76
ASICS,80,GT-2000 8,456,79.95,4.0,86,85
ASICS,75,GEL-Nimbus® 22,568,99.95,4.0,81,84
ASICS,77,GEL-Contend® 6,149,49.22,4.0,83,88
ASICS,77,GEL-Contend® 6,149,49.99,4.0,83,88
ASICS,80,GT-2000 8,456,89.95,4.0,86,85
ASICS,77,GEL-Contend® 6,149,48.95,4.0,83,88
ASICS,75,GEL-Pulse® 12,24,67.93,4.0,88,88
ASICS,75,GEL-Excite™ 7,141,59.95,4.0,95,94
ASICS,75,GEL-Nimbus® 22,568,99.95,4.0,81,84
ASICS,75,GEL-Nimbus® 22,568,99.95,4.0,81,84
ASICS,77,Gel-Kahana® 8,140,76.5,4.0,77,85
ASICS,77,GEL-Contend® 6,149,49.95,4.0,83,88
ASICS,75,GEL-Excite™ 7,141,59.94,4.0,95,94
ASICS,70,GT-1000 9,158,69.94,5.0,92,92
ASICS,84,GEL-Venture® 7,416,64.95,4.0,83,86
ASICS,66,GEL-Kayano® 27,387,159.95,4.0,83,92
ASICS,75,GEL-Nimbus® 22,568,99.95,4.0,81,84
ASICS,84,GEL-Venture® 7,416,59.94,4.0,83,86
ASICS,70,GT-1000 9,158,75.0,5.0,92,92
ASICS,84,GEL-Venture® 7,416,55.0,4.0,83,86
ASICS,72,GEL-Cumulus® 22,179,119.95,4.0,84,76
ASICS,84,GEL-Venture® 7,416,64.95,4.0,83,86
ASICS,75,GEL-Nimbus® 22,568,99.95,4.0,81,84
ASICS,75,GEL-Excite™ 7,141,59.95,4.0,95,94
ASICS,80,GT-2000 8,456,99.95,4.0,86,85
ASICS,66,GEL-Kayano® 27,387,159.95,4.0,83,92
ASICS,80,GT-2000 8,456,78.95,4.0,86,85
ASICS,77,GEL-Contend® 6,149,41.97,4.0,83,88
ASICS,70,GT-1000 9,158,69.94,5.0,92,92
ASICS,77,GEL-Contend® 6,149,51.95,4.0,83,88
ASICS,84,GEL-Venture® 7,416,64.95,4.0,83,86
ASICS,70,GT-1000 9,158,69.94,5.0,92,92
